{
    "id": "a3b28033-fafa-402b-a6df-c4ab5bd20a82",
    "name": "",
    "polygons": [
        [
            {
                "x": 24.43599984049797,
                "y": -69.54861468076706
            },
            {
                "x": -10.902029931545258,
                "y": -66.91704428195953
            },
            {
                "x": -8.270646572113037,
                "y": -0.37575197219848633
            },
            {
                "x": 19.54879954457283,
                "y": -1.503753662109375
            }
        ]
    ]
}