{
    "id": "4d6b17a9-4e4e-4d6c-bee6-8267483fe498",
    "polygons": [
        [
            {
                "x": -13.545732021331787,
                "y": -22.70902109146118
            },
            {
                "x": 7.769188404083252,
                "y": -23.107425212860107
            },
            {
                "x": 9.561692237854004,
                "y": 41.63351845741272
            },
            {
                "x": -13.944135189056396,
                "y": 41.43400192260742
            }
        ]
    ]
}