{
    "id": "741f2379-44c5-4945-9b07-d9109a3dab76",
    "polygons": [
        [
            {
                "x": -47.233828872442245,
                "y": -25.95732942223549
            },
            {
                "x": -2.7657192945480347,
                "y": -55.744428753852844
            },
            {
                "x": -50.21253889799118,
                "y": 24.04267054796219
            }
        ]
    ]
}