{
    "id": "966a243c-5da4-4949-804a-9e909702c80d",
    "polygons": [
        [
            {
                "x": 0.0,
                "y": 0.0
            },
            {
                "x": 50.0,
                "y": 0.0
            },
            {
                "x": -0.26385068893432617,
                "y": 32.32200384140015
            }
        ]
    ]
}