{
    "id": "b0727e74-4731-41ff-8d91-78d9a3bb72b2",
    "polygons": [
        [
            {
                "x": -12.315229326486588,
                "y": -13.793056845664978
            },
            {
                "x": 6.650392591953278,
                "y": -15.763493597507477
            },
            {
                "x": 10.34479284286499,
                "y": 44.08868968486786
            },
            {
                "x": -17.241320312023163,
                "y": 43.84221559762955
            }
        ]
    ]
}