{
    "id": "b722a130-8465-4791-86af-c22730f02484",
    "polygons": [
        [
            {
                "x": 27.065112203359604,
                "y": 12.478070586919785
            },
            {
                "x": 28.383059084415436,
                "y": 87.52224633097649
            },
            {
                "x": 5.623919606208801,
                "y": 87.96145606040955
            },
            {
                "x": 5.448171555995941,
                "y": 13.532556116580963
            }
        ]
    ]
}